Compound,Character,OSHAPEL
Acetaldehyde C2H4O,spice fruit suffocating herb herb,200
AceticAcid C2H4O2,spice acid,10
Acetic Anhydride C4H6O3,acid acid,5
Acetone C3H6O,sweet fruit etherous,1000
Acetonitrile C2H3N,etherish,40
Acetophenone C8H8O,sweet almond spice fruits river water,
Acetylene C2H2,solvent garlic,
Acrolein C3H4O,spice,0.1
AcrylicAcid C3H4O2,rancid plastic sweet,
Acrylonitrile C3H3N,onion garlic,2
Allyl Alcohol C3H6O,mustard,2
Allyl Chloride C3H5CI,spice,1
Allyl Isothiocyanate C4H5NS,irritating,
Ammonia NH3,spice irritating,50
n-Amyl Acetate C7H14O2,fruit etherous,100
Aniline C6H7N,spice solvent empyreumatic,5
Arsine AsH3,garlic,0.05
Benzaldehyde C7H6O,bitter almond fruit vanilla,
Benzene C6H6,aromatic sweet solvent empyreumatic,1
Benzoyl Chloride C7H5ClO,spice,
Benzyl Acetate C9H10O2,fruits plastic etherous anise,
Benzyl Chloride C7H7CI,spice,1
Biphenyl C12H10, solvent,0.2
Boron Triﬂuoride BF3,spice,1
Bromine Br,alliaceous irritating irritating,0.1
Bromoform CHBr3,chloroform sweet suffocating,0.5
13-Butadiene C4H6,aromatic rubber,15
Butane C4H10,herb,
Butenes C4H8,solvent,
2-Butoxyethanol C6H14O2,sweet ester musty,50
2-Butoxyethyl Acetate C8H16O3,fruit,
n-Butyl Acetate C6H12O2,sweet fruit,150
sec-Butyl Acetate C6H12O2,fruit,200
tert-Butyl Acetate C6H12O2,,200
n-Butyl Acrylate C7H12O2,sweet rancid plastic,
n-Butyl Alcohol C4H10O,sweet malty alcohol medicinal,100
sec-Butyl Alcohol C4H10O,sweet malty alcohol,150
tert-Butyl Alcohol C4H10O,sweet alcohol,100
n-Butylamine C4H11N,acid ammonia,5
n-Butyl Lactate C7H14O3,,
Butyl Mercaptan C4H10S,,10
p-tert-Butyl Toluene C11H16,solvent,10
Butyraldehyde C4H8O,spice,
Camphor synthetic C10H16O,camphorous,0.321
Caprolactam C6H11NO,,
Carbon Dioxide CO2,,5000
Carbon Disulﬁde CS2,vegetable sulﬁde medicinal,2030
Carbon Tetrachloride CCl4,sweet ethereal drycleaner aromatic,1025
Carbonyl Sulﬁde COS,,
Chlorine Cl2,suffocating irritating bleach,1
Chlorine Dioxide CIO2,chlorine,0.1
2-Chloroacetophenone C8H7ClO,fruit,0.05
Chlorobenzene C6H5CI, solvent,75
Chlorodiﬂuoromethane CHClF2,ethereal,
Chloroform CHCl3,sweet etherous suffocating,50
Chloropicrin CCl3NO2,chlorine,0.1
b-Chloroprene C4H5CI,rubber,25
Chlorotoluene o-isomer C7H7CI,aromatic,
Citral C10H16O,fruit aromaticy citrous,
Cresol C7H8O,creosote solvent irritating smoky empyreumatic burnt plastic,5
Crotonaldehyde C4H6O,spice,2
Cumene C9H12,irritating,50
Cumene Hydroperoxide C9H12O2,irritating irritating,
Cyanogen C2N2,almonds,
Cyanogen Chloride CclN,acid,
Cyclohexane C6H12,spice,300
Cyclohexanol C6H12O,camphorous,50
Cyclohexanone C6H10O,sweet irritating,50
Cyclohexene C6H10,sweet,300
Cyclohexylamine C6H13N,ammonia,
Cyclopentadiene C5H6, pine fruit,75
Decaborane B10H14,spice,0.05
1-Decene C10H20,,
Diacetone Alcohol C6H12O2,sweet,50
Diacetyl C4H6O2, buttery,
Diallylamine C6H11N,disagreeable,
Diborane H6B2,repulsive,0.1
23-Dibromo Chloropropane C3H5BrCl2,irritating,0.001
Dibutylamine C8H19N,ammonia,
Dibutyl Phthalate C16H22O4,,0.44
Dichloroacetic Acid C2H2Cl2O2,,
Dichlorobenzeneo- isomer C6H4Cl2,camphor,50
Dichlorobenzenep-isomer C6H4Cl2,camphor mothballs,75
Dichlorodiﬂuoromethane CCl2F2,ethereal,1000
11-Dichloroethane C2H4CI2,chloroform aromatic,100
12-Dichloroethyleneall isomers C2H2Cl2,,200
24-Dichlorophenol C6H4Cl2O,medicinal solventic  ﬁshsauce,
13-Dichloropropene C3H2Cl2,sweet spice,
Dicyclopentadiene C10H12,sweet irritating,
Diethanolamine C4H11NO2,ammonia ammonia rotten ﬁsh,
Diethylamine C4H11N,musty fish ammonia,25
2-Diethylaminoethanol C6H15ON,ammonia irritating ammonia,10
Diethylbenzenes mixedisomers C10H14,,
Diethyl Ketone C5H10O,acetone solvent remover,
Diethyl Phthalate C12H14O4,,
Diisobutyl Ketone C9H18O,peppermint,50
Diisopropylamine C6H15N,ammonia fish,5
NN-Dimethylacetamide C4H9NO,faint ammonia,10
Dimethylamine C2H7N,ammonia rotten ﬁsh,10
Dimethylaniline C8H11N,solvent,5
Dimethyl Disulﬁde C2H6S2,garlic putrid asparagus,
Dimethyl Ether C2H6O,ethereal,
Dimethyl Formamide C3H7ON,fish,10
11-Dimethylhydrazine C2H8N2,fish,0.5
Dimethyl Sulﬁde C2H6S,disagreeable asparagus putrid,
46-Dinitro-o-Cresol C7H6N2O5,,0.025
14-Dioxane C4H8O2,sweet alcohol,100
13-Dioxolane C3H6O2,,
Diphenylamine C12H13N,ﬂoral,
Dodecyl Mercaptan C12H26S2,,
Epichlorohydrin C3H5CIO,chloroform,5
Ethane C2H6,,
Ethanolamine C2H7NO,ammonia,3
2-Ethoxyethanol C4H10O2,sweet musty,200
2-ethanol C6H14O3,,
2-Ethoxyethyl Acetate C6H12O3,sweet ester,100
Ethyl Acetate C4H8O2,fruit sweet ﬁngernail solvent etherous,400
Ethyl Acrylate C5H8O2,sweet ester plastic alcohol irritating ammonia,25
Ethyl Alcohol C2H6O,vinous alcohol,1000
Ethylamine C2H7N,ammonia,10
Ethyl Amyl Ketone C8H16O,solvent irritating,25
Ethyl Benzene C8H10,solvent solvent,100
Ethyl Bromide C2H5Br,ethereal,200
Ethyl Chloride C2H5Cl,spice,1000
Ethylene C2H4,grassy,
Ethylene Chlorohydrin C2H5ClO,ethereal,5
Ethylenediamine C2H8N2,ammonia,10
Ethylene Dibromide C2H4Br2,sweet,2030
Ethylene Dichloride C2H4Cl2,sweet,50100
Ethylene Glycol C2H6O2,,
Ethyleneimine C2H5N,ammonia,1910.1003
Ethylene Oxide C2H4O,sweet oleﬁnic,15
EthylEther C4H10O,anesthetic etherous,400
Ethyl Formate C3H6O2,aromatic,100
Ethylidene Norbornene C9H12,turpentine,
Ethyl Mercaptan C2H6S,rotten cabbage,10
N-Ethylmorpholine C6H13NO,ammonia,20
Ethyl Silicate C8H20SiO4,sweet alcohol,100
Fluorine F2,spice,0.1
Formaldehyde CH2O,spice,0.752
Formic Acid CH2O2,irritating,5
Furan C4H4O,,
Furfural C5H4O2,bread almond,5
Furfuryl Alcohol C5H6O2,sweet ether alcohol,50
Glutaraldehyde C5H8O2,,
Halothane C2HBrClF3,chloroform,
Heptane C7H16,solvent,500
Hexachlorocyclopentadiene C5Cl6,spice,
16-HexamethyleneDiisocyanate C8H12N2O2,,
n-Hexane C6H14,solvent,500
Hexane isomers exceptn-hexane C6H14,solvent,
16-Hexanediamine C6H16N21,,
1-Hexene C6H12,solvent,
sec-Hexyl Acetate C8H16O2,fish fruit,50
n-Hexyl Alcohol C6H14O,herb grass plastic,
Hexylene glycol C6H14O2, sweet,
Hydrazine N2H4,ammonia,1
Hydrogen Chloride HCI,irritating irritating,5
Hydrogen Cyanide CHN,almonds,10
Hydrogen Fluoride HF,highly corrosive irritating,3
Hydrogen Selenide H2Se,garlic,0.05
Hydrogen Sulﬁde H2S,rotten eggs,20
Indene C9H81,,
Iodine I2,irritating alliaceous,0.1
Iodoform CHI3,chemical etherish,
Isoamyl Acetate C7H14O2,fruit herb,100
Isoamyl Alcohol C5H12O,sweet malty rancid rubber bitter,100
Isobutyl Acetate C6H12O2,sweet ester medicinal,150
Isobutyl Alcohol C4H10O,sweet fusel musty alcohol rubber latex,100
Isobutyraldehyde C4H8O,spice,
Isooctyl Alcohol C8H18O,faint ,
Isophorone C9H14O,irritating,25
Isoprene C5H8,aromatic,
Isopropyl Acetate C5H10O2,fruit,250
Isopropyl Alcohol C3H8O,irritating rubbingalcohol,200
Isopropylamine C3H9N,ammonia ammonia,5
Isopropyl Ether C6H14O,sweet,500
d-Limonene C10H16,fruit plastic citrus rubber terpeny,
Maleic Anhydride C4H2O3,acrid,0.25
Mercaptoethanol C2H6OS,,
Mesityl Oxide C6H10O,sweet,25
Methacrylic acid C4H6O2,spice,
Methacrylonitrile C4H5N,,
Methane CH4,,
2·Methoxyethanol C3H8O2 ,sweet ,25
1-Methyoxy Propanol C4H10O2,etherish ammonia,
1-Methoxy PropanolAcetate C6H12O3,,
Methyl Acetate C3H6O2,fruit,200
Methyl Acrylate C4H6O2,plastic irritating airplane glue,10
Methyl Alcohol CH4O,acid sweet alcohol,200
Methylamine CH5N,fish,10
Methyl n-amyl Ketone C7H14O,sweet mushroom,100
N-Methyl Aniline C7H9N,,2
2-Methyl ButylAcetate C7H14O2,,
Methyl tert-Butyl Ether C5H12O,anesthetic,
Methyl n-Butyl Ketone C6H12O,sweet paint,100
Methyl Chloride CH3Cl,sweet etherish,100
Methyl Chloroform C2H3Cl3,sweet etherish,350
Methyl 2-Cyanoacrylate C5H5NO2,,
Methylcyclohexane C7H14,solvent,500
2-Methylcyclohexanone C7H12O,acetone,100
Methylene BisphenylIsocyanate C15H10O2N2,,0.02
Methylene Chloride CH2CI2,sweet,25
Methyl Ethyl Ketone C4H8O,sweet irritating,200
Methyl Formate C2H4O2,ethereal,100
Methyl Hydrazine CH6N2,ammonia,0.2
Methyl IsoamylKetone C7H11O,sweet irritating,100
Methyl Isobutyl Ketone 10-10 C6H12O,sweet irritating,100
Methyl Isocyanate C2H3NO,,0.02
Methyl Isopropyl Ketone C5H10O,sweet irritating,
Methyl Mercaptan CH4S,rotten cabbage garlic,10
Methyl Methacrylate C5H8O2,plastic irritating,100
2-Methylnaphthalene C11H10,,
Methyl Parathion C8H10NO5PS2,spice,
4-Methyl Propanol C6H14O,,25
Methyl Propyl Ketone C5H10O,ﬁngernail solvent,200
n-Methyl Pyrrolidone C5H9NO,ammonia,
Methyl Styrene C9H10,,100
Methyl Vinyl Ketone C4H6O,spice,
Monochloroacetic Acid C2H3ClO2,,
Morpholine C4H9NO,fish ammonia,20
Naphthalene C10H81,tar creosote mothballs empyreumatic,10
1-Naphthylamine C10H9N,,1910.1003
2-Naphthylamine C10H9N,,1910.1003
Nickel Carbonyl Ni41,sooty,0.001
Nicotine C10H14N21,,0.075
NitricAcid HNO3,suffocating,2
Nitrobenzene C6H5NO2,almonds shoe solvent spice,1
Nitrogen Dioxide NO2,bleach,5
Nitromethane CH3NO2,,100
1-Nitropropane C3H7NO2,,25
2-Nitropropane C3H7NO2,fruit,25
N-Nitrosodimethylamine C2H6N2O,faint,1910.1003
Nonane C9H20,solvent,
Octane C8H18,solvent solvent,-500
1-Octanol C8H18O,penetrating,
1-Octene C8H16,,
Oxygen Diﬂuoride OF2, peculiar,0.05
Ozone O3,spice thderstorm,0.1
Pentaborane B5H9,spice,0.005
Pentaneall isomers C5H12,sweet,1000
24-Pentanedione C5H8O2,,
Pentanolallisomers C5H12O,,
Perchloroethylene C2Cl4,etherish,100200
Perchloryl Fluoride CIFO,sweet,3
Phenol C6H5OH,medicinal acid ink creosote empyreumatic,5
Phenyl Mercaptan C6H6S,putrid,
Phosgene COCl2,,0.1
Phosphine PH3,garlic,0.3
Phthalic Anhydride C8H4O3,choking,2
Picolines C6H7N, ,
Piperdine C5H11N,pepper,
Propane C3H8,herb,1000
Propionaldehyde C3H6O,fruit,
Propionic Acid C3H6O2,acid,
n-Propyl Acetate C5H10O2,sweet ester,200
Propyl Alcohol C3H8O,sweet alcohol,200
Propylene C3H6,solvent aromatic,
Propylene Dichloride C3H6CI21,sweet,75
Propylene Glycol C3H8O2,,
Propylene GlycolDinitrate C3H6N2O6,disagreeable,
Propylene Oxide C3H6O,sweet,100
Pyridine C5H5N,burnt spice nauseating,5
Quinoline C9H7N,peculiar,
Quinone C6H4O2,spice,0.1
Styrene monomer C8H81,irritating sweet,100200
Sulfur Dioxide SO2,metallic,5
Sulfur Hexaﬂuoride F6S,,1000
Sulfuric Acid H2SO4,,0.25
112-Tetrabromoethane C2H2Br4,camphor spice,1
112-Tetrachloroethane C2H2Cl4,solvent,5
Tetrahydrofuran C4H8O,ether,200
Thiogylcolic Acid C2H4O2S,,
Toluene C7H8,acid burnt,200300
Toluene 24- or26-Diisocyanate C9H6N2O2,,0
o-Toluidine C7H9N,aromatic ammonia empyreumatic,5
m-Toluidine C7H9N,empyreumatic,
p-Toluidine C7H9N,ammonia empyreumatic,
Trichloroacetic acid C2HCl3O2,,
12-Trichlorobenzene C6H3Cl3,aromatic,
Trichloroethylene C2HCI31,ether solvent,100200
Trichloroﬂuoromethane CCl3F,,1000
Triethanolamine C6H15NO3, ammonia,
Triethylamine C3H9N,fish ammonia,25
Trimethylamine C6H15N,fish spice,
Trimethyl Benzeneallisomers C9H12,aromatic,
Trimethyl Phosphite C3H9O3P,spice,
Turpentine &monoterpenes C10H16,turpentine rosiny pine tree camphorous ﬁrneedles,
n-Valeraldehyde C5H10O,sickening rancid decayed,
Vanillin C8H8O3,vanilla caramel sweet,
Vinyl Acetate C4H6O2,acid irritating,
Vinyl Chloride C2H3CI,sweet,15
Vinylidene chloride C2H2Cl2,chloroform,
Xylene C8H10,sweet empyreumatic,100
trimethylamine,fish,
ethanal,spice ether,
methanethiol,sulfur solvent garlic,
propanal,solvent spice,
pentane,alkane,
propanol,alcohol spice,
dimethyl sulfide,cabbage sulfur solvent,
ethyl formate,spice,
methyl ethyl ketone,ether,
methyl ethyl sulfide,sulfur garlic,
hexane,alkane,
ethyl acetate,fruit,
methylbutenol,herb,
pentanone,ether,
isobutanol,alcohol solvent bitter,
trans-crotonaldehyde,aromatic,
methylpentanone,mint,
methylbutanal,cocoa almond,
methylbutanal,malt,
pyrrolidine,alkaline,
ethanol,sweet,
thiophene,garlic,
propanoic acid,spice rancid soy,
diacetyl,butter,
methyl methylbutanoate,fruit,
butanol,medicine fruit,
butanol,alcohol,
mercaptoacetaldehyde,cabbage,
butanal,spice herb,
pentenone,fish spice,
methyl methylpropanoate,aromatic,
methyl thiocyanate,sulfur,
2.3-pentadione,cream butter,
pentenol,butter spice,
butyric acid,rancid cheese sweat,
hexanone,ether grape,
alpha.γ-dimethylallyl alcohol,herb vinyl,
ethyl propionate,fruit,
heptane,alkane,
acetoin,butter cream,
methyl butanoate,ether fruit sweet,
acetic acid,acid,
diethyl acetal,fruit cream,
2-methyl-1-butanol,malt,
dimethyl disulfide,onion cabbage putrid,
hexanone,ether,
methyl-2-butenal,herb fruit,
3-methyl-1-butanol,whiskey malt burnt,
pentanone,ether fruit,
pentenal,fruit fish tomato,
2-methyl-1-butanol,alcohol onion,
pentanol,fruit,
fucoserratene,herb plastic,
hexenone,cooked vegetable metal,
methylthiophene,sulfur,
pentanol,balsamic,
(Z)-2-penten-1-ol,herb plastic rubber,
epoxylinalool,aromatic,
methylpentanol,spice,
toluene,paint,
isobutyl acetate,fruitfish fruit,
methyl-2-butenol,herb,
methyl methylbutyrate,fruit,
ethyl isobutyrate,sweet rubber,
1-hexenol,herb,
hexanal,grass tallow solvent,
4-methyl-3-penten-2-one,sweet chemical,
3-hexenal,herb herb,
thiophane,cabbage,
m-xylene,plastic,
hydroxypentanone,herb truffle,
mercaptobutanone,onion,
isobutyraldehyde,spice malt herb,
ethyl butyrate,fruit,
butanediol,fruit onion,
pentanal,almond malt spice,
propyl propanoate,fruit,
nonenone,baked,
octane,alkane,
butyl acetate,fruit,
furfural,bread almond sweet,
methylbutenthiol,ammonia smoke,
hydroxypentanone,truffle earth nut,
azine,rancid,
methyl pyrazine,popcorn,
ethoxypropanol,fruit,
1-(methylthio)ethanethiol,thiamin,
2-hexenal,fruit herb,
(E)-2-hexenal,herb herb,
(2S)-2-methyl-ethyl ester-butanoic acid,fruit,
isopropyl butanoate,spice fruit,
furfuryl alcohol,burnt,
ethyl methylbutyrate,fruit,
ethyl 3-methylbutanoate,fruit,
2-hexenal,solvent rancid,
isovaleric acid,sweat acid rancid,
methylfuranthiol,meat,
(Z)-3-hexenol,grass,
methylbutanone,camphor,
heptenone,metal,
methylbutyric acid,cheese sweat,
hexanol,resin aromatic herb,
heptanol,herb,
dimethylthiazole,rubber mold,
isoamyl acetate,fruit,
2-methylbutyl acetate,fruit,
2-hexenol,herb herb alcohol fruit,
methional,cooked potato,
o-picoline,sweat,
allyl isothiocyanate. allyspol,sulfur spice garlic,
(E)-2-hexenol,herb herb walnut,
o-xylene,geranium,
heptanone,soap,
mercaptopentanone,sulfur onion meat,
styrene,balsamic solvent,
acetylfuran,balsamic,
methyl-2-(methylthio)acetate,cooked potato roasted nut,
propyl butyrate,fruit solvent,
ethyl valerate,yeast fruit,
mercaptopentanone,roasted meat,
methyltetrahydrofuranthiol,onion,
heptanal,solvent citrus rancid,
4-heptenal,biscuit cream,
bornyl methyl ether,earth must,
dimethyl pyrazine,cocoa roasted nut roast beef medicine,
dimethyl pyrazine,roasted nut cocoa roast beef,
ethyl pyrazine,peanut butter wood,
caproic acid,sweat,
2.4-hexadienal,herb,
pentanoic acid,sweat,
dimethyl pyrazine,nut peanut butter cocoa meat,
4-methylhexanol,sweat,
fufuryl mercaptan,coffee roast,
1-cyclohexen-3-one,pesticide,
acetylpyrroline,nut roast,
nonane,alkane,
methoxymethylbutanethiol,cat black currant,
ethyl mercaptopropionate,sulfur,
dimethylthiazole,roast smoke,
dimethyl sulfone,sulfur burnt,
hexanethiol,sulfur,
heptanol,mushroom,
methyl hexanoate,fruit herb sweet,
methyldihydrofuranthiol,meat,
methylthiazoline,garlic,
2-ethylpyridine,grass,
α-pinene,pine turpentine,
mercaptomethylpentanone,black currant,
methyl-p-xylene,plastic,
ethyl 3-hydroxybutanoate,marshmallow,
butyl isothiocyanate,sulfur spice herb,
α-thujene,wood herb herb,
2-pentanol,herb,
2-hepten-1-al,herb,
heptenal,soap solvent almond,
benzaldehyde,almond burnt sweet,
heptanol,chemical herb,
methionol,sweet potato,
octanone,herb butter resin,
dimethyl trisulfide,sulfur fish cabbage,
3-mercaptothiophene,cooked meat,
ethyl isohexanoate,fruit,
dimethylfuranthiol,meat,
4-methylthio-2-butanone,fruit,
methyldihydrothiophenone,cabbage onion must,
filbertone,hazelnut nut,
mercaptomethylbutanol,meat broth,
octenone,mushroom metal,
(E)-2-penten-1-ol,mushroom,
camphene,camphor,
octenol,mushroom,
5-methylfurfural,almond caramel burnt sweet,
phenol,solvent,
methylisohexenyl ketone,pepper mushroom rubber,
octadienone,geranium metal,
sabinene,pepper turpentine wood,
1.5-octadien-3-ol,earth herb,
1.5-octadienone,earth must,
2.3-dehydro-1.8-cineole,mint fruit,
pentylfuran,herb bean butter,
ethylmethyl pyrazine,fruit sweet,
trimethylthiazole,earth,
2-formylthiophene,sulfur,
octanal,solvent soap fruit herb,
octanone,soap solvent,
methyldithiolane,sulfur,
2.4-heptadienal,fried,
trimethyl-pyrazine,roast potato must,
ethyl hexanoate,fruit peel fruit,
2-methyl anisole,warm aromatic walnut,
β-pinene,pine resin turpentine,
2-octanol,mushroom solvent,
β-carene,fruit peel,
hexenyl acetate,herb fruit,
(+)-α-phellandrene,dill,
myrcene,balsamic must spice,
ethyl lactate,fruit,
2.4-heptadienal,nut solvent,
octanol,moss nut mushroom,
acetylpyridine,popcorn,
hexyl acetate,fruit herb,
2.3.4.5-tetrahydroanisole,herb spice,
5-(methylthio)-valeronitrile,broccoli cabbage,
methylfurfurylthiol,sulfur roast,
decane,alkane,
1.4-cineole,spice,
β-cubebene,citrus fruit,
acetylthiazole,roast nut sulfur,
phenylethanal,hawthorne honey sweet,
mercaptomethylbutyl formate,cat roast,
acetylpyrazine,roast,
propionylpyrroline,roast,
α-phellandrene,turpentine mint spice,
Propionylpyrrole,roast popcorn,
(+)-limonene.,citrus mint,
1.8-cineole,mint sweet,
2-ethylhexanol,rose herb,
δ-3-carene,fruit resin,
2-acetyl-1.4.5.6-tetrahydropyridine,caramel,
methylethylpyrazine,sweat,
α-terpinene,fruit,
benzylmethyl ether,metal,
(E)-3-hexenol,moss herb,
limonene,fruit fruit,
ethyl hydroxybutanoate,caramel,
3-octenone,nut,
isopropyl hexanoate,herb,
3-octen-2-one,nut crushed bug,
furaneol™,caramel,
methyl octanoate,fruit,
acetophenone,must aromatic almond,
p-cymene,solvent solvent citrus,
(Z)-ocimene.,citrus herb aromatic,
isobutyl thiazole,tomato herb herb,
4-mercapto-4-methyl-2-pentanone,box tree,
butyl methylbutyrate,fruit cocoa,
norfuraneol,caramel,
2-acetylpyrrole,nut walnut bread,
methylethyl pyrazine,roast,
methyl-thiophenethiol,medicine,
2-octenal,herb nut solvent,
5-isopropyl-2-methylpyrazine,sweat,
2-octenal,herb herb walnut,
dimethylmethoxyfuranone,caramel sweet ew,
β-phellandrene,mint terpentine,
ocimene,herb,
dihydrolinalool,wood citrus camphor,
6(10)-dihydromyrcenol,tart lime citrus cologne,
dimethylheptenal,fruit herb melon,
α-ocimene,fruit wet cloth,
(E)-β-ocimene,sweet herb,
2-octenal,herb,
artemisia ketone,herb herb,
2-methoxy-3.6-dimethylpyrazine,earth,
p. a -dimethylstyrol,solvent,
cis-sabinene hydrate,balsamic,
guaiacol,smoke sweet medicine,
γ-terpinene,solvent turpentine,
hydroxydimethylcyclopentenone,caramel,
p-cresol,medicine solvent smoke,
nonenone,spice mushroom,
ethyldimethylthiazole,earth,
2.5-dimethyl-3-ethylpyrazine,potato roast,
dihydromyrcenol,tart lime citrus cologne,
sotolon,cotton candy spice maple,
thenylthiol,sulfur,
methyl benzoate,pre lettuce herb sweet,
ethyldimethylpyrazine,potato,
ethyldimethylpyrazine,burnt popcorn,
artemisia alcohol,herb,
m-cresol,fecal plastic,
dimethylethyl pyrazine,roast,
durene,rancid sweet,
maltol,caramel,
(Z)-linalool oxide,aromatic,
octanol,chemical metal burnt,
2-pentylthiophene,sweet fruit,
acetylthiophene,sulfur,
pentyl butanoate,fruit,
3.5-octadienone,fruit solvent mushroom,
3-nonenal,cucumber,
nonanal,solvent citrus herb,
propyl hexanoate,fruit,
2-phenylethyl alcohol,honey spice rose lilac,
3-nonenal,solvent,
isopropylmethoxypyrazine,pea earth,
3.6-nonadienal,solvent soap,
ethyl heptylate,fruit,
2-methyl-2-(methyldithio)propanal,smoke solvent,
hotrienol,hyacinth,
linalool,aromatic lavender,
ethenyl-dimethylpyrazine,earth,
2.4-octadienal,herb seaweed cucumber,
octenol,soap plastic,
acetylthiazoline,roast popcorn,
δ-terpinene,pine plastic,
(E)-linalool oxide,aromatic,
(+)-cis-rose oxide,herb aromatic,
nonanone,hot milk soap herb,
trans-sabinene hydrate,wood balsamic,
(-)-cis-rose oxide,sweet rose,
methyl cinnamate,fruit,
p-menthatriene,turpentine,
(methylbutenyl)-methylfuran,mint,
undecane,alkane,
α-p-dimethylstyrene,citrus pine,
formylmethyl thiophene,sulfur,
4-ethyl-6-hepten-3-one,fish,
(E)-p-mentha-2.8-dien-1-ol,herb mint,
pinenol,must dust,
perillen,wood,
menthone,herb herb,
octenhydroperoxide,metal mushroom,
2-acetyl-3.4.5.6-tetrahydropyridine,caramel,
(E)-rose oxide,aromatic,
γ-heptalactone,nut solvent fruit,
nerol oxide,solvent aromatic,
limonene oxide,fruit,
ethyl cyclohexanoate,fruit,
methyl cyclohexanecarboxylate,fruit ester,
4-mercapto-4-methyl-2-pentanol,aromatic fruit,
benzyl alcohol,sweet aromatic,
(Z)-limonene oxide,herb citrus,
3-terpinen-1-ol,must,
2-nonenal,orris solvent cucumber,
(E)-limonene oxide,herb citrus,
(+)-(E)-limonene oxide,herb,
camphor,camphor,
fenchyl alcohol,camphor,
ethyl-4-hydroxymethyl- 3(2H)-Furanone,caramel,
pentyl methylbutyrate,fruit,
α-fenchyl alcohol,camphor,
α-fenchyl alcohol,camphor,
menthone,mint,
β-terpineol,must,
methylcyclopentapyrazine,roast,
p-2-menthen-1-ol,herb,
(E)-2-nonenal,cucumber solvent herb,
3-(acetylthio)-2-methylfuran,roasted meat,
octyl acetate,fruit,
sesquiphellandrene,sweet fruit herb,
citronellal,solvent,
2-nonenal,paper,
nonanol,solvent herb,
2.6-nonadienal,cucumber wax herb,
acetylmethylcyclohexene,spice,
homofuraneol,caramel,
diethylmethylpyrazine,baked,
4-pentenyl isothiocyanate,mustard horseradish,
benzyl acetate,herb vegetable,
diethylmethyl pyrazine,potato meat roast,
methyldithiofurane,thiamin meat,
methyl-(methyldithio)furan,cooked meat thiamin,
diethyl succinate,alcohol fruit,
2.6-nonadienol,cucumber,
nonadienol,cucumber,
cis-isocitral,herb,
camphene hydrate,camphor,
pinocarveol,aromatic,
ethylphenol,must,
l-menthol,peppermint,
ethylbenzaldehyde,sweet,
isoborneol,must camphor,
butylmethoxypyrazine,carrot earth,
phenylethylthiol,rubber,
(epoxymethylbutyl)-methylfuran,herb earth citrus,
(Z)-3-hexenyl butanoate,alcohol herb,
ethenyl-ethylmethylpyrazine,earth,
S-(2-furfuryl)-ethanethioate,roast,
epoxy-2-octenal,metal,
methylisoborneol,earth must,
dimethyloctadienal,herb,
hexyl butanoate,fruit peel,
ethyl benzoate,camomile aromatic celery fruit,
lavandulol,herb,
dill ether,dill,
2-nonanol,cucumber,
(Z)-3-hexenyl-2-methylbutanoate,herb sweet,
4-acetyltoluene,bitter almond,
pentylpyridine,solvent,
isobutylmethoxypyrazine,earth spice herb pepper,
butyl hexanoate,fruit,
o-cresol,solvent,
abhexone,spice,
nitro-phenylethane,aromatic spice,
dihydrocarveol,mint spice,
(Z)-dihydrocarvone,herb warm,
(E.Z)-2.4-nonadienal,geranium spice,
carveol,herb sfruitmint caraway,
borneol,camphor,
ethyl octanoate,fruit solvent,
1-terpinen-4-ol,turpentine nutmeg must,
neoisomenthol,menthol,
(Z)-4-decenal,herb must,
2.4-nonadienal,watermelon,
estragole,licorice anise,
ethyl octenoate,must solvent fruit spice,
(E)-dihydrocarvone,warm herb,
6-decenal,tallow herb,
decanal,soap fruit peel tallow,
6-decenal,cucumber,
dimethyl tetrasulfide,cabbage sulfur,
linalool oxide,aromatic wood,
isodihydrocarveol,wood spice,
naphthalene,tar,
isobutyric acid,rancid butter cheese,
dodecane,alkane,
2.4-nonadienal,solvent wax herb,
p-cymenol,citrus must,
(E)-carveol,caraway solvent,
(Z)-piperitol,herb,
linalyl formate,citrus coriander,
methyl nonanoate,fruit,
(-)-carvone,mint,
diethyl malonate,fruit,
syntexan,garlic,
furfurylmethyldisulphide,smoke,
(Z)-carveol,caraway,
myrtenal,spice,
piperitol,herb,
methyl salicylate,peppermint,
epoxy-p-menthene,mint dill,
γ-octalactone,fruit,
hexyl methylbutyrate,fruit,
benzothiazole,solvent rubber,
phenyl cyanide,rancid,
3-mercaptohexyl-acetate,box tree,
piperitone,mint herb,
isobornyl formate,herb earth camphor,
citronellol,rose,
dihydromethylcyclopentapyrazine,roast nut,
neral,fruit,
chavicol,medicine solvent,
β-cyclocitral,mint,
2-decenal,tallow,
2-decenal,fruit,
β-phenethyl acetate,rose honey tobacco,
2-decenal,tallow,
nerol,sweet,
(R)-linden ether,mint,
ethyl phenylacetate,fruit sweet,
hydrocinnamic alcohol,cinnamon anise fruit,
methylnonanedione,straw fruit,
DL-carvone,mint basil fennel,
phenylacetic acid,honey aromatic,
citral,fruit,
isogeraniol,rose,
(+)-carvone,caraway,
bornyl formate,herb,
p-anisyl alcohol,aromatic,
sulfurol,sulfur,
cumin aldehyde,acid irritating,
linalyl acetate,sweet fruit,
perilla aldehyde,spice,
p-anisaldehyde,mint sweet,
decanol,solvent,
o-aminoacetophenone,foxy sweet,
isopulegyl acetate,mint herb,
geranial,fruit mint,
geraniol,rose geranium,
nonanoic acid,herb solvent,
benzoic acid,urine,
epoxy-2-nonenal,metal,
octanoic acid,sweat cheese,
safrole,spice sweet warm,
p-menthenethiol,grapefruit,
(E)-cinnamaldehyde,cinnamon paint,
2.4-decadienal,seaweed,
4-ethylguaiacol,spice clove,
5-octanolide,peach,
methyl quinoxaline,roast nut fruit,
indole,mothball burnt,
1.3-p-menthadien-7-al,solvent spice,
undecanone,fruit herb herb,
decadienal,fried solvent,
dihydroterpinyl acetate,pine citrus,
γ-butyrolactone,caramel sweet,
(Z)-β-Farnesene,citrus herb,
safranal,herb sweet,
methyl geranate,aromatic herb fruit,
nonyl acetate,sweet fruit,
decadienal,fried wax solvent,
undecanaldehyde,solvent spice sweet,
α-terpineol,solvent anise mint,
ethyl undecanoate,cognac fruit,
isopentyldimethylpyrazine,fruit,
cinnamyl alcohol,solvent,
tridecane,alkane,
perillaldehyde,solvent,
(E)-oak lactone,fruit aromatic,
hydrocinnamic acid,balsamic,
4-hexanolide,coumarin sweet,
p-vinylguaiacol,clove curry,
methyl decanoate,alcohol,
p-mentha-dien-hydroperoxide,turpentine,
ethylhydroxyhexanoate,herb,
dimethoxytoluene,hummus,
oxodecanal,solvent,
4-methylthiazole,roasted meat,
benzyl butanoate,plum,
dihydrocarvyl acetate,mint camphor medicine,
δ-muurolene,solvent,
methyl anthranilate,honey aromatic,
p-methoxystyrene,sweet,
p-menthadienhydroperoxide,turpentine,
heptyl 2-methylbutyrate,fruit,
acetyloxy-dimethylfuranone,caramel,
cuminic alcohol,wood herb,
δ-elemene,wood,
ethylfuranone,spice,
butyl benzoate,balsamic,
α-cubebene,herb wax,
2-undecenal,sweet,
ethyl dihydrocinnamate,aromatic,
citronellyl acetate,rose dust,
terpinyl acetate,wax,
(E)-2-undecenal,soap solvent herb,
neryl acetate,fruit,
vanillin,vanilla,
p-menthadienhydroperoxide,turpentine,
γ-nonalactone,fruit peach,
α-copaene,wood spice,
undecanol,mandarin,
acetylpyrrolizine,medicine,
decanoic acid,rancid solvent,
β-damascenone,fruit. rose honey,
epoxy-2-decenal,metal herb,
(Z)-3-hexenyl hexanoate,fruit pre,
p-menthadienhydroperoxide,turpentine,
geranyl acetate,rose,
(E.Z)-3.6-nonadien-1-ol,fish,
hexyl hexanoate,fruit peel peach,
skatole,mothball fecal,
butyl octanoate,fruit,
styrene glycol,sweet,
dehydro-ar-ionene,licorice,
β-elemene,herb wax herb,
isobornyl propionate,fruit turpentine,
ethylfuranone,spice,
eugenol,clove honey,
methylene bis(methyl sulfide),garlic sulfur,
ethyl decanoate,grape,
cis-linalool pyran oxide,citrus herb,
methyl eugenol,clove spice,
lauric aldehyde,lily solvent citrus,
decyl alcohol,fruit solvent,
carvyl acetate,herb sfruitmint,
α-gurjunene,wood balsamic,
geosmin,beet earth,
(E)-β-damascone,fruit,
tetradecane,alkane,
β-bourbonene,herb,
(-)-γ-elemene,herb wood solvent,
α-ionone,wood violet,
(E)-α-bergamotene,wood warm tea,
β-selinene,herb,
ethyl salicylate,winterherb mint,
linalyl butyrate,fruit sweet,
isocaryophyllene,wood,
coumarin,herb sweet,
γ-decalactone,peach solvent,
erucin,cabbage,
geranyl acetone,magnolia herb,
α-guaiene,wood balsamic,
β-caryophyllene,wood spice,
γ-selinene,wood,
wine lactone,fruit spice,
δ-decalactone,fruit,
isogeraniol,rose,
2-dodecenal,herb solvent sweet,
butyl decanoate,whiskey,
cinnamic acid,honey,
β-farnesene,wood citrus sweet,
ethyl cinnamate,honey cinnamon,
δ-decalactone,peach,
aromadendrene,wood,
R-δ-decenolactone,peach,
linalyl isovalerate,sweet fruit citrus,
asaricin,spice pepper,
ethyl-(E.Z)-2.4-decadienoate,fruit,
elemicin,spice aromatic,
β-guaiene,wood spice,
β-ionone,seaweed violet aromatic fruit,
epoxy-2-undecenal,metal,
citronellyl isobutyrate,fruit rose,
p-coumaric acid,balsamic,
p-menth-1-en-9-yl acetate,fruit herb,
p-menth-1-en-9-ol,fruit herb,
α-humulene,wood,
valencene,herb solvent,
bornyl butyrate,herb wood,
undecylic acid,solvent,
isopiperitone,sweet fruit,
ethyl laurate,herb,
α-zingiberene,spice herb irritating,
alloaromadendrene,wood,
γ-muurolene,herb wood spice,
tridecanal,aromatic sweet must,
methyl laurate,solvent fruit,
bis(2-methyl-3-furyl)disulphide,roasted meat,
raspberry ketone,fruit,
pentadecane,alkane,
germacrene D,wood spice,
bicyclogermacrene,herb wood,
linalyl valerate,citrus lavender,
α-muurolene,wood,
berteroin,cabbage,
3-mercaptohexanol,sulfur,
citronellyl butyrate,fruit sweet rose,
bornyl isovalerate,herb earth herb,
(-)-β-bisabolene,balsamic,
myristicin,spice warm balsamic,
α-farnesene,wood sweet,
cadinadiene,spice fruit,
(Z)-oak-lactone,spice,
γ-cadinene,wood,
elemol,herb wood,
δ-cadinene,thyme medicine wood,
geranyl butyrate,fruit rose fruit,
α-curcumene,herb,
caryophyllene alcohol,moss earth spice,
β-sesquiphellandrene,wood,
germacrene B,wood earth spice,
(Z)-nerolidol,wax,
hexyl octanoate,herb herb solvent,
calamenene,herb spice,
isopropyl benzoate,sweet fruit,
12-methyltridecanal,cooked meat tallow solvent meat broth sweat,
lauryl alcohol,solvent wax,
nerolidol,wood aromatic wax,
guaiol,wood balsamic,
dehydrocarveol,solvent herb,
tridecanol,must,
(E)-isoelemicin,spice aromatic,
dill apiol,wood spice,
cedrenol,fruit,
δ-undecalactone,peach,
geranyl isovalerate,fruit rose fruit,
epoxy-β-ionone,fruit sweet wood,
tetradecyl aldehyde,aromatic wax,
(E)-2-hexenoic acid,must solvent,
hexadecane,alkane,
caryophyllene oxide,herb sweet spice,
spathulenol,herb fruit,
levomenol,herb,
citronellyl valerate,warm honey herb rose,
methyl jasmonate,jasmine,
(E)-Whiskey lactone,aromatic lactone,
(Z)-whiskey lactone,fruit,
β-caryophyllene alcohol,earth moss,
humulene oxide,herb,
(-)-cubenol,spice herb herb tea,
geranyl valerate,rose fruit,
methyl tetradecanoate,orris,
bulnesol,spice,
β-eudesmol,wood herb,
(Z)-6-dodecen-γ-lactone,soap,
methyl epijasmonate,jasmine,
cadina-1.4-dien-3-ol,wood spice,
(Z)-6-dodecene-γ-lactone,peach sweet,
α-bisabolol,spice aromatic,
oxo-β-ionone,wood,
methyl dihydroepijasmonate,jasmine,
β-bisabolol,sweet herb,
butyl laurate,solvent,
δ-cadinol,herb,
T-muurolol,herb  spice,
7-methoxycoumarin,balsamic sweet,
pantolactone,cotton candy,
γ-dodecalactone,sweet fruit aromatic,
zingiberenol,metal,
2.6-dimethylnaphthalene,grass,
α-cadinol,herb wood,
(E)-2-dodecen-1-ol,solvent,
7-heptadecene,alkane,
ethyl tetradecanoate,ether,
β-farnesol,aromatic solvent,
α-caryophyllene alcohol,earth,
methyl cinnamate,fruit,
diethyl malate,brown sweet sweet,
β-sinensal,sweet,
pentadecanal,herb,
heptadecane,alkane,
δ-dodecalactone,fruit sweet,
(E)-farnesol,muguet,
ethyl-(E)-cinnamate,aromatic honey,
viridiflorol,herb sweet,
trimethylphenylbutenone,aromatic herb,
benzyl benzoate,balsamic solvent herb,
methyl furaneol,cotton candy sweet,
bornyl benzoate,pine balsamic,
perhydrofarnesylacetone,solvent,
10-epi-γ-eudesmol,sweet wood aromatic,
(+)-nootkatone,grapefruit,
hexadecanone,fruit,
4-propyl-guaiacol,solvent,
palmitaldehyde,cardboard,
(-)-nootkatone,terpentine,
octadecane,alkane,
Diethyl 2-hydroxyglutarate,cotton candy,
uncineol,wax sweet,
phenylethyl benzoate,aromatic honey,
p-hydroethylbenzene,solvent spice,
α-calacorene,wood,
hexadecanol,aromatic wax,
cetyl alcohol,wax aromatic,
4-Carbethoxybutyrolactone,roast smoke,
eudesmol,sweet wood,
ethyl hexadecanoate,wax,
isoeugenol,aromatic,
nonadecane,alkane,
γ-undecalactone,apricot,
(E.E)-farnesyl acetate,solvent wax,
trimethylphenylbutenone,aromatic herb,
syringol,medicine solvent smoke,
isopropyl palmitate,solvent,
diethyl tartrate,earth must,
(E.E)-farnesylacetone,aromatic ether,
eicosane,alkane,
(E)-isoeugenol,aromatic,
octadecanaldehyde,solvent,
4-vinylphenol,almond shell,
oleic acid,solvent,
methyl octadecenoate,solvent,
hydroxycalamenene,herb,
tetradecanol,fruit,
heneicosane,alkane,
phytol,aromatic,
5-oxymethylfurfurole,cardboard,
lauric acid,metal,
docosane,alkane,
6-Methoxyeugenol,sweet aromatic,
stearyl alcohol,solvent,
methyl vanillate,caramel butterscotch vanilla,
ethyl vanillate,aromatic fruit sweet vanilla,
acetovanillone,vanilla,
3-oxo-α-ionol,spice,
tricosane,alkane,
